{
    "education": [
        {
            "title": "Bachelor in Engineering",
            "location": "Esprit",
            "datetime": "Sep 13, 2021 – Nov 27, 2024"
        },
        {
            "title": "Bachelor in Computer Science",
            "location": "ESSECT",
            "datetime": "Sep 17, 2018 - July 5, 2021"
        },
        {
            "title": "Baccalaureate in Mathematics",
            "location": "Pacha Street",
            "datetime": "Sep 12, 2013 - June 27, 2018"
        }
    ]
}