{
    "education": [
        {
            "title": "Licence en Ingénierie",
            "location": "Esprit",
            "datetime": "13 Sep 2021 – 27 Nov 2024"
        },
        {
            "title": "Licence en Informatique",
            "location": "ESSECT",
            "datetime": "17 Sep 2018 - 5 Juil 2021"
        },
        {
            "title": "Baccalauréat en Mathématiques",
            "location": "Rue Pacha",
            "datetime": "12 Sep 2013 - 27 Juin 2018"
        }
    ]
}