{
    "education": [
        {
            "title": "بكالوريوس في الهندسة",
            "location": "إسبريت",
            "datetime": "13 سبتمبر 2021 – 27 نوفمبر 2024"
        },
        {
            "title": "بكالوريوس في علوم الحاسوب",
            "location": "إيسكت",
            "datetime": "17 سبتمبر 2018 - 5 يوليو 2021"
        },
        {
            "title": "البكالوريا في الرياضيات",
            "location": "شارع الباشا",
            "datetime": "12 سبتمبر 2013 - 27 يونيو 2018"
        }
    ]
}